id,title,year,km,fuel,transmission,engine,price,url,photo_url
21344466,Citroën Berlingo Shine BlueHDi 100PS SLO 1.LASTNIK LED 12M-JAMSTVO,2016,144000 km,diesel motor,ročni menjalnik,"1560 ccm, 73 kW / 99 KM",,https://www.avto.net/Ads/details.asp?id=21344466,
22512908,Citroën Berlingo 1.6 HDI SHINE|SLO|VELIK SER.|NA OBROKE v 5 MIN.,2015,155000 km,diesel motor,ročni menjalnik,"1560 ccm, 68 kW / 92 KM",,https://www.avto.net/Ads/details.asp?id=22512908,
22578298,Renault Espace 1.6 DCI AUT.,2017,197830 km,diesel motor,avtomatski menjalnik,"1560 ccm, 118 kW / 160 KM",9.990 €,https://www.avto.net/Ads/details.asp?id=22578298,https://images.avto.net/photo/22578298/1051515_160.jpg
22578263,Mitsubishi ASX 4WD 1.8 DI-D-4X4-165.000KM-PANORAMA-PDC-TEMPOMAT..,2011,165000 km,diesel motor,ročni menjalnik,"1798 ccm, 110 kW / 150 KM",5.990 €,https://www.avto.net/Ads/details.asp?id=22578263,https://images.avto.net/photo/22578263/1051069_160.jpg
22578118,Citroën C4 Cactus 1.5 HDi SAMO 119.015km NA KREDIT BREZ POLOGA...,2020,110090 km,diesel motor,ročni menjalnik,"1499 ccm, 75 kW / 102 KM",6.499 €,https://www.avto.net/Ads/details.asp?id=22578118,https://images.avto.net/photo/22578118/1049465_160.jpg
22578070,Volkswagen Golf 1.6TDI Highline-LED-NAVI-PDC-MASAŽNI SEDEŽI-GRETJE,2017,189000 km,diesel motor,ročni menjalnik,"1598 ccm, 66 kW / 90 KM",8.950 €,https://www.avto.net/Ads/details.asp?id=22578070,https://images.avto.net/photo/22578070/1049352_160.jpg
22578060,BMW serija 2 Active Tourer: serija 2  216d Active Tourer. Navy. Vlečna kljuka.,2017,120537 km,diesel motor,ročni menjalnik,"1496 ccm, 85 kW / 116 KM",8.490 €,https://www.avto.net/Ads/details.asp?id=22578060,https://images.avto.net/photo/22578060/1049235_160.jpg
22577828,Ford Kuga 2.0 TDCI 103kW DPF 4x4-SLO-ALU-PDC-VELIKI SERVIS,2010,185000 km,diesel motor,ročni menjalnik,"1997 ccm, 103 kW / 140 KM",6.990 €,https://www.avto.net/Ads/details.asp?id=22577828,https://images.avto.net/photo/22577828/1046329_160.jpg
22577761,Ford Kuga 2.0 DIZEL-4X4-2.LASTNIK-SLO-SERVISNA-USNJE-ODLIČNA,2017,145000 km,diesel motor,ročni menjalnik,"1997 ccm, 110 kW / 150 KM",9.900 €,https://www.avto.net/Ads/details.asp?id=22577761,https://images.avto.net/photo/22577761/1045577_160.jpg
22577729,BMW serija 2 Active Tourer: 214d Advantage FULLED•TEMP•KEYLESS•KAMERA•2X-PDC•,2016,109679 km,diesel motor,ročni menjalnik,"1496 ccm, 70 kW / 95 KM",8.799 €,https://www.avto.net/Ads/details.asp?id=22577729,https://images.avto.net/photo/22577729/1044874_160.jpg
22577687,Volkswagen Golf 1.6TDI-COMFORTLINE-LED-VELIK-SERVIS-PDC-198.000KM-,2019,198000 km,diesel motor,ročni menjalnik,"1598 ccm, 85 kW / 116 KM",9.850 €,https://www.avto.net/Ads/details.asp?id=22577687,https://images.avto.net/photo/22577687/1045017_160.jpg
22576609,Opel Crossland X 1.5 CDTI 75KW S S ENJOY - prvi lastnik,2019,171010 km,diesel motor,ročni menjalnik,"1499 ccm, 75 kW / 102 KM",7.490 €,https://www.avto.net/Ads/details.asp?id=22576609,https://images.avto.net/photo/22576609/1043628_160.jpg
22576551,Fiat Panda 1.3 MULTIJET - 4X4 - VELIK SERVIS - ALU...,2014,142000 km,diesel motor,ročni menjalnik,"1248 ccm, 55 kW / 75 KM",7.490 €,https://www.avto.net/Ads/details.asp?id=22576551,https://images.avto.net/photo/22576551/1043005_160.jpg
22576544,Volkswagen Golf Plus Comfortline 2.0 TDI DSG,2011,177921 km,diesel motor,avtomatski menjalnik,"1968 ccm, 103 kW / 140 KM",5.690 €,https://www.avto.net/Ads/details.asp?id=22576544,https://images.avto.net/photo/22576544/1043524_160.jpg
22575510,Mitsubishi Outlander 4WD 2.2 DI-D Intense,2015,165000 km,diesel motor,ročni menjalnik,"2268 ccm, 110 kW / 150 KM",7.499 €,https://www.avto.net/Ads/details.asp?id=22575510,https://images.avto.net/photo/22575510/1042636_160.jpg
22575387,Audi A3 Sportback 1.6 TDI clean diesel Attraction,2015,175000 km,diesel motor,ročni menjalnik,"1598 ccm, 81 kW / 110 KM",8.990 €,https://www.avto.net/Ads/details.asp?id=22575387,https://images.avto.net/photo/22575387/1042208_160.jpg
22575258,Dodge Nitro SXT 2.8 16V CRD AVT SLO NAVI DAB RADIO BREZ POLOGA,2008,190000 km,diesel motor,avtomatski menjalnik,"2777 ccm, 130 kW / 177 KM",8.990 €,https://www.avto.net/Ads/details.asp?id=22575258,https://images.avto.net/photo/22575258/1040957_160.jpg
22575183,Microcar M.GO 3 HIGHLAND DCI,2016,41990 km,diesel motor,avtomatski menjalnik,"492 ccm, 4 kW / 5 KM",5.199 €,https://www.avto.net/Ads/details.asp?id=22575183,https://images.avto.net/photo/22575183/1040400_160.jpg
22575047,Mercedes-Benz Citan Kombi 109 CDI BlueEFFICIENCY,2014,185000 km,diesel motor,ročni menjalnik,"1461 ccm, 66 kW / 90 KM",7.950 €,https://www.avto.net/Ads/details.asp?id=22575047,https://images.avto.net/photo/22575047/1039685_160.jpg
22574954,Opel Corsa 1.3 CDTI Enjoy Easy -PDC-TEMPOMAT -37-...,2017,64500 km,diesel motor,ročni menjalnik,"1248 ccm, 70 kW / 95 KM",7.490 €,https://www.avto.net/Ads/details.asp?id=22574954,https://images.avto.net/photo/22574954/1037823_160.jpg
22574938,BMW serija 1: 118d|M-SPORT|LED|NAVI|BREZ POLOGA|SERVISNA,2013,175200 km,diesel motor,ročni menjalnik,"1995 ccm, 105 kW / 143 KM",9.950 €,https://www.avto.net/Ads/details.asp?id=22574938,https://images.avto.net/photo/22574938/1037647_160.jpg
22574923,Ford Mondeo 1.6 TDCi-NAVI-ALU-KLIMA-LEANPAY DO 84 OBROKOV,2015,192000 km,diesel motor,ročni menjalnik,"1560 ccm, 85 kW / 116 KM",6.990 €,https://www.avto.net/Ads/details.asp?id=22574923,https://images.avto.net/photo/22574923/1037772_160.jpg
22574849,Citroën C4 Picasso BlueHDi 120 S S Live Avt.-LED-TEMPOMAT-BREZ POLOGA,2017,178000 km,diesel motor,avtomatski menjalnik,"1560 ccm, 88 kW / 120 KM",8.450 €,https://www.avto.net/Ads/details.asp?id=22574849,https://images.avto.net/photo/22574849/1036734_160.jpg
22574846,Opel Insignia 1.6 CDTi...AVTOMATIK...ODLIČNA,2020,193000 km,diesel motor,avtomatski menjalnik,"1598 ccm, 100 kW / 136 KM",7.800 €,https://www.avto.net/Ads/details.asp?id=22574846,https://images.avto.net/photo/22574846/1036869_160.jpg
22574793,Opel Zafira 2.0 CDTI Innovation SLOVENSKA|1.LASTNIK|VZDRŽEVANA,2017,117000 km,diesel motor,ročni menjalnik,"1956 ccm, 125 kW / 170 KM",9.990 €,https://www.avto.net/Ads/details.asp?id=22574793,https://images.avto.net/photo/22574793/1036192_160.jpg
22574766,Renault Clio Grandtour dCi 90 Energy Limited Start   Stop...,2016,92500 km,diesel motor,ročni menjalnik,"1461 ccm, 66 kW / 90 KM",7.490 €,https://www.avto.net/Ads/details.asp?id=22574766,https://images.avto.net/photo/22574766/1035969_160.jpg
22574752,Škoda Octavia Combi 2.0 TDI-LED-BI-XENON-PANO-NAVI-BREZ POLOGA,2014,164000 km,diesel motor,avtomatski menjalnik,"1968 ccm, 110 kW / 150 KM",8.990 €,https://www.avto.net/Ads/details.asp?id=22574752,https://images.avto.net/photo/22574752/1035866_160.jpg
22574696,Citroën DS3 1.6 BlueHDi S S Be Chic,2018,133000 km,diesel motor,ročni menjalnik,"1560 ccm, 73 kW / 99 KM",6.700 €,https://www.avto.net/Ads/details.asp?id=22574696,https://images.avto.net/photo/22574696/1036121_160.jpg
22574678,Renault Captur dCi 90 Energy Dynamique LED-NAVI-TEMP-SLO-ODLIČEN,2015,155000 km,diesel motor,ročni menjalnik,"1461 ccm, 66 kW / 90 KM",7.250 €,https://www.avto.net/Ads/details.asp?id=22574678,https://images.avto.net/photo/22574678/1035357_160.jpg
22574496,Renault Megane Energy dCi,2018,154582 km,diesel motor,ročni menjalnik,"1461 ccm, 81 kW / 110 KM",8.690 €,https://www.avto.net/Ads/details.asp?id=22574496,https://images.avto.net/photo/22574496/1033557_160.jpg
22574446,Kia Sportage 2WD 1.7 CRDi Urban...,2013,180858 km,diesel motor,ročni menjalnik,"1685 ccm, 85 kW / 116 KM",6.490 €,https://www.avto.net/Ads/details.asp?id=22574446,https://images.avto.net/photo/22574446/1033166_160.jpg
22574443,Kia Sportage 2WD 1.7 CRDi Style,2012,196137 km,diesel motor,ročni menjalnik,"1685 ccm, 85 kW / 116 KM",6.490 €,https://www.avto.net/Ads/details.asp?id=22574443,https://images.avto.net/photo/22574443/1033115_160.jpg
22574437,Peugeot Partner ACTIVE 1.6 HDI 100 LED VELIKI SERVIS LEPO OHRANJEN,2016,191300 km,diesel motor,ročni menjalnik,"1560 ccm, 73 kW / 99 KM",6.490 €,https://www.avto.net/Ads/details.asp?id=22574437,https://images.avto.net/photo/22574437/1033383_160.jpg
22574432,Toyota Auris 1.4 D-4D Luna - SLO - KAMERA - KLJUKA - ZELO LEPA,2013,185000 km,diesel motor,ročni menjalnik,"1364 ccm, 66 kW / 90 KM",7.950 €,https://www.avto.net/Ads/details.asp?id=22574432,https://images.avto.net/photo/22574432/1033025_160.jpg
22574419,Audi A1 1.6 TDI 5VRAT S-LINE,2012,,diesel motor,ročni menjalnik,"1590 ccm, 660 kW / 897 KM",7.500 €,https://www.avto.net/Ads/details.asp?id=22574419,https://images.avto.net/photo/22574419/1034884_160.jpg
22574338,Fiat 500X 1.6 Multijet AKCIJA-LEASING BREZ POLOGA,2015,193003 km,diesel motor,ročni menjalnik,"1598 ccm, 88 kW / 120 KM",7.990 €,https://www.avto.net/Ads/details.asp?id=22574338,https://images.avto.net/photo/22574338/1032304_160.jpg
22574233,Peugeot 2008 1.6HDI ALLURE •LEAN-PAY•KREDIT•LIZING,2015,164930 km,diesel motor,ročni menjalnik,"1560 ccm, 68 kW / 92 KM",5.350 €,https://www.avto.net/Ads/details.asp?id=22574233,https://images.avto.net/photo/22574233/1031483_160.jpg
22574189,Mazda CX-5 4x4 REVOLUTION SLO VEL.SERVIS NOVE GUME 2x ALU TOP,2014,198000 km,diesel motor,ročni menjalnik,"2191 ccm, 110 kW / 150 KM",8.490 €,https://www.avto.net/Ads/details.asp?id=22574189,https://images.avto.net/photo/22574189/1030946_160.jpg
22574049,Volkswagen Golf 1.6 TDI SLO-ALU+110 KM-V. SERV.+KOT NOV,2015,185000 km,diesel motor,ročni menjalnik,"1598 ccm, 81 kW / 110 KM",8.150 €,https://www.avto.net/Ads/details.asp?id=22574049,https://images.avto.net/photo/22574049/1028861_160.jpg
22574020,Audi A3 Sportback 2.0 TDI Ambiente,2007,193000 km,diesel motor,ročni menjalnik,"1968 ccm, 100 kW / 136 KM",5.300 €,https://www.avto.net/Ads/details.asp?id=22574020,https://images.avto.net/photo/22574020/1028408_160.jpg
22573978,Renault Clio Grandtour dCi 75-TEMPOMAT-KLJUKA-VELIK SERVIS,2015,160000 km,diesel motor,ročni menjalnik,"1461 ccm, 55 kW / 75 KM",5.590 €,https://www.avto.net/Ads/details.asp?id=22573978,https://images.avto.net/photo/22573978/1027313_160.jpg
22573963,Kia Sportage 1.7 CRDi+SLO,2012,153939 km,diesel motor,ročni menjalnik,"1685 ccm, 85 kW / 116 KM",7.998 €,https://www.avto.net/Ads/details.asp?id=22573963,https://images.avto.net/photo/22573963/1027002_160.jpg
22573915,Kia Carens Diz. 1.7 CRDi SLO VZDRZEVAN BREZ POLOGA,2015,161000 km,diesel motor,ročni menjalnik,"1685 ccm, 85 kW / 116 KM",7.990 €,https://www.avto.net/Ads/details.asp?id=22573915,https://images.avto.net/photo/22573915/1025991_160.jpg
22573877,Ford Tourneo Courier 1.5 TDCI 2X DRSNA-KLIMA-VEC VOZIL-6PRESTAV-SLO,2020,160000 km,diesel motor,ročni menjalnik,"1499 ccm, 55 kW / 75 KM",7.480 €,https://www.avto.net/Ads/details.asp?id=22573877,https://images.avto.net/photo/22573877/1025686_160.jpg
22362505,Volkswagen Golf 1.6 TDI•SLO.POREKLO• VRHUNSKII • NAKUP BREZ POLOGA,2014,,diesel motor,ročni menjalnik,"1598 ccm, 77 kW / 105 KM",9.990 €,https://www.avto.net/Ads/details.asp?id=22362505,https://images.avto.net/photo/22362505/1035207_160.jpg
22206551,Citroën C3 Picasso Exclusive BlueHDi 100 • MAX.OPREMA • IZJEMNO LEP •,2018,120000 km,diesel motor,ročni menjalnik,"1560 ccm, 73 kW / 99 KM",7.950 €,https://www.avto.net/Ads/details.asp?id=22206551,https://images.avto.net/photo/22206551/1065125_160.jpg
22573632,Ford Focus 1.5 DIESEL VELIKI SERVIS PRIKLOP KEYLESS,2018,195367 km,diesel motor,ročni menjalnik,"1499 ccm, 88 kW / 120 KM",7.000 €,https://www.avto.net/Ads/details.asp?id=22573632,https://images.avto.net/photo/22573632/1081862_160.jpg
22524598,Mercedes-Benz B-Razred B 180 d AMG Line Aut.LED-KEYLESS-NAVIG-PDC-LEASING,2017,168018 km,diesel motor,avtomatski menjalnik,"1461 ccm, 80 kW / 109 KM",9.890 €,https://www.avto.net/Ads/details.asp?id=22524598,https://images.avto.net/photo/22524598/1042815_160.jpg
22573500,Peugeot 3008 1.6 HDI-LEANPAY-1.LASTNIK-SLO-SAMO 98.500KM-PANO,2014,98500 km,diesel motor,ročni menjalnik,"1560 ccm, 84 kW / 114 KM",6.990 €,https://www.avto.net/Ads/details.asp?id=22573500,https://images.avto.net/photo/22573500/1076184_160.jpg
22573472,BMW serija 3 Touring:,2017,175480 km,diesel motor,ročni menjalnik,"1995 ccm, 110 kW / 150 KM",8.890 €,https://www.avto.net/Ads/details.asp?id=22573472,https://images.avto.net/photo/22573472/1075407_160.jpg
22573322,Opel Insignia 1.6 SPORT-USNJE-NAVI-ACC-LINE ASIST-ALU...,2019,160000 km,diesel motor,ročni menjalnik,"1598 ccm, 81 kW / 110 KM",9.500 €,https://www.avto.net/Ads/details.asp?id=22573322,https://images.avto.net/photo/22573322/1072056_160.jpg
22573320,BMW serija X1: sDrive18d,2012,132000 km,diesel motor,ročni menjalnik,"1995 ccm, 105 kW / 143 KM",8.300 €,https://www.avto.net/Ads/details.asp?id=22573320,https://images.avto.net/photo/22573320/1072452_160.jpg
22573272,Škoda Fabia 1.6 TDI CR Monte Carlo,2014,198000 km,diesel motor,ročni menjalnik,"1598 ccm, 77 kW / 105 KM",5.000 €,https://www.avto.net/Ads/details.asp?id=22573272,https://images.avto.net/photo/22573272/1071142_160.jpg
22573269,Fiat Panda 4x4 1.3 Multijet Cross,2015,137000 km,diesel motor,ročni menjalnik,"1248 ccm, 59 kW / 80 KM",8.300 €,https://www.avto.net/Ads/details.asp?id=22573269,https://images.avto.net/photo/22573269/1071355_160.jpg
22573268,Ford S-Max 1.5 EcoBoost Trend,2018,179500 km,diesel motor,avtomatski menjalnik,"1998 ccm, 118 kW / 160 KM",9.500 €,https://www.avto.net/Ads/details.asp?id=22573268,https://images.avto.net/photo/22573268/1071157_160.jpg
22573243,Škoda Octavia Combi 2.0 TDI Ambition,2017,168000 km,diesel motor,ročni menjalnik,"1968 ccm, 110 kW / 150 KM",9.990 €,https://www.avto.net/Ads/details.asp?id=22573243,https://images.avto.net/photo/22573243/1072289_160.jpg
22573205,BMW serija 1: 120d xDrive po dogovoru,2014,106000 km,diesel motor,ročni menjalnik,"1995 ccm, 135 kW / 184 KM",9.500 €,https://www.avto.net/Ads/details.asp?id=22573205,https://images.avto.net/photo/22573205/1070334_160.jpg
22573073,Citroën C3 1.5 BlueHDi 100 Feel.TOP,2021,145809 km,diesel motor,ročni menjalnik,"1499 ccm, 75 kW / 102 KM",7.499 €,https://www.avto.net/Ads/details.asp?id=22573073,https://images.avto.net/photo/22573073/1067294_160.jpg
22572993,Opel Astra Sports Tourer 1.5 D-KA8ERA-NAVI-GR VOLANA-GR SEDEŽ,2020,71204 km,diesel motor,ročni menjalnik,"1496 ccm, 77 kW / 105 KM",9.990 €,https://www.avto.net/Ads/details.asp?id=22572993,https://images.avto.net/photo/22572993/1066051_160.jpg
22572986,Citroën Berlingo °1.LASTNIK° 1.5 HDI 102ks °OPRAVLJEN VELIK SERVIS°,2018,199045 km,diesel motor,ročni menjalnik,"1499 ccm, 75 kW / 102 KM",9.599 €,https://www.avto.net/Ads/details.asp?id=22572986,https://images.avto.net/photo/22572986/1065988_160.jpg
22572936,Renault Megane 1.5 dCi-SLOVENSKI-SAMO 136.000KM-KLIMA-PDC-,2015,136828 km,diesel motor,ročni menjalnik,"1461 ccm, 70 kW / 95 KM",7.450 €,https://www.avto.net/Ads/details.asp?id=22572936,https://images.avto.net/photo/22572936/1065031_160.jpg
22572924,Mercedes-Benz B-Razred B 180 CDI NAVIGACIJA. EL. PARK. ZAVORA,2013,177012 km,diesel motor,ročni menjalnik,"1796 ccm, 80 kW / 109 KM",6.499 €,https://www.avto.net/Ads/details.asp?id=22572924,https://images.avto.net/photo/22572924/1064805_160.jpg
22572911,Fiat Tipo 1.3 Multijet 16v.SLO.ODLIČEN.NA OBROKE-LEANPAY,2017,143000 km,diesel motor,ročni menjalnik,"1248 ccm, 70 kW / 95 KM",6.699 €,https://www.avto.net/Ads/details.asp?id=22572911,https://images.avto.net/photo/22572911/1064839_160.jpg
22572900,Citroën C4 Grand SpaceTourer C4 Grand Spacetourer PureTech 130-LED-NAV-7SED-PDC,2020,135023 km,diesel motor,ročni menjalnik,"1495 ccm, 96 kW / 131 KM",8.950 €,https://www.avto.net/Ads/details.asp?id=22572900,https://images.avto.net/photo/22572900/1064450_160.jpg
22572833,Fiat Tipo 1.6JTD avt. SAMO 96.500km-USNJE-KAMERA-TEMPOMAT,2020,96500 km,diesel motor,avtomatski menjalnik,"1598 ccm, 88 kW / 120 KM",9.990 €,https://www.avto.net/Ads/details.asp?id=22572833,https://images.avto.net/photo/22572833/1063232_160.jpg
22572802,Land Rover Range Rover Evoque 2.0 eD4 SE,2017,175000 km,diesel motor,avtomatski menjalnik,"1999 ccm, 110 kW / 150 KM",9.950 €,https://www.avto.net/Ads/details.asp?id=22572802,https://images.avto.net/photo/22572802/1062839_160.jpg
22572651,Seat Altea 1.6 TDI CR iTECH Ecomotive KOT NOV,2015,141200 km,diesel motor,ročni menjalnik,"1598 ccm, 77 kW / 105 KM",7.490 €,https://www.avto.net/Ads/details.asp?id=22572651,https://images.avto.net/photo/22572651/1061225_160.jpg
22572644,Volkswagen Passat 1.6 TDI BlueM.Tech. Comfortline,2012,136810 km,diesel motor,ročni menjalnik,"1598 ccm, 77 kW / 105 KM",6.990 €,https://www.avto.net/Ads/details.asp?id=22572644,https://images.avto.net/photo/22572644/1060437_160.jpg
22572620,Opel Corsa 1.5 75KW-FULL LED-NAVI-LED-6.PRESTAV-PDC-JAMSTVO,2022,132550 km,diesel motor,ročni menjalnik,"1499 ccm, 75 kW / 102 KM",8.990 €,https://www.avto.net/Ads/details.asp?id=22572620,https://images.avto.net/photo/22572620/1060081_160.jpg
22572606,Renault Clio dCi 75 Limited VELIKI SERVIS-NAVI-PDC-LEAN PAY,2018,134383 km,diesel motor,ročni menjalnik,"1461 ccm, 55 kW / 75 KM",6.850 €,https://www.avto.net/Ads/details.asp?id=22572606,https://images.avto.net/photo/22572606/1067095_160.jpg
22572561,Renault Grand Scenic Intens Energy°7 SEDEŽEV°VIRTUAL C°ALU 20°NAVI°PDC°,2017,199395 km,diesel motor,ročni menjalnik,"1461 ccm, 81 kW / 110 KM",9.990 €,https://www.avto.net/Ads/details.asp?id=22572561,https://images.avto.net/photo/22572561/1059600_160.jpg
22572387,Škoda Octavia Combi 1.6 TDI LED-NAVIG-PDC-LEASING,2019,149885 km,diesel motor,ročni menjalnik,"1598 ccm, 85 kW / 116 KM",9.990 €,https://www.avto.net/Ads/details.asp?id=22572387,
22572226,BMW serija X1: xDrive18d-Sportline-Avt.Multi-Kljuka-Gret. sedež,2013,156220 km,diesel motor,avtomatski menjalnik,"1995 ccm, 105 kW / 143 KM",9.900 €,https://www.avto.net/Ads/details.asp?id=22572226,https://images.avto.net/photo/22572226/1056444_160.jpg
22572111,Peugeot 508 1.6 BlueHDi LED-NAV-PERLA BELA-ODLIČEN-BREZ POLO..,2015,198000 km,diesel motor,ročni menjalnik,"1560 ccm, 88 kW / 120 KM",6.999 €,https://www.avto.net/Ads/details.asp?id=22572111,https://images.avto.net/photo/22572111/1055515_160.jpg
22396470,Ford Mondeo 1.5 TDCi°1.LASTNIK°1.LETNO JAMSTVO°SAMO 162.000 KM,2016,162000 km,diesel motor,ročni menjalnik,"1499 ccm, 88 kW / 120 KM",8.690 €,https://www.avto.net/Ads/details.asp?id=22396470,https://images.avto.net/photo/22396470/1044398_160.jpg
22083524,Ford Grand C-Max 1.5 TDCi°1.LASTNIK°1.LETNO JAMSTVO°178.000 KM,2017,178000 km,diesel motor,ročni menjalnik,"1499 ccm, 88 kW / 120 KM",7.590 €,https://www.avto.net/Ads/details.asp?id=22083524,https://images.avto.net/photo/22083524/1050271_160.jpg
22216521,Ford C-Max 1.5 TDCi 88 kW °1.LAST°1.LETNO JAMSTVO°178.000 KM,2017,178000 km,diesel motor,ročni menjalnik,"1499 ccm, 88 kW / 120 KM",7.590 €,https://www.avto.net/Ads/details.asp?id=22216521,https://images.avto.net/photo/22216521/1050482_160.jpg
22527085,Citroën C4 Grand Picasso 1.6 BlueHDi Intensive°SLO.1.LASTNIK°SAMO 127.000KM,2016,127000 km,diesel motor,ročni menjalnik,"1560 ccm, 88 kW / 120 KM",8.990 €,https://www.avto.net/Ads/details.asp?id=22527085,https://images.avto.net/photo/22527085/1057668_160.jpg
22571987,BMW serija 5 Touring: 520XD-4X4-AUT-188.000km-LIZING ZA TUJCE-NAVI-...,2014,188000 km,diesel motor,avtomatski menjalnik,"1995 ccm, 135 kW / 184 KM",8.950 €,https://www.avto.net/Ads/details.asp?id=22571987,https://images.avto.net/photo/22571987/1054213_160.jpg
22571808,BMW serija 3: 320d,2012,,diesel motor,avtomatski menjalnik,"1995 ccm, 135 kW / 184 KM",7.500 €,https://www.avto.net/Ads/details.asp?id=22571808,https://images.avto.net/photo/22571808/1052871_160.jpg
22571683,Volkswagen Golf Variant 1.6 TDI BMT Comfortline,2018,150600 km,diesel motor,ročni menjalnik,"1598 ccm, 85 kW / 116 KM",9.500 €,https://www.avto.net/Ads/details.asp?id=22571683,https://images.avto.net/photo/22571683/1052364_160.jpg
22571648,Ford Tourneo Courier 1.5 Tdci SLOVENSKO VOZILO - 1 LASTNIK,2020,132000 km,diesel motor,ročni menjalnik,"1499 ccm, 55 kW / 75 KM",8.990 €,https://www.avto.net/Ads/details.asp?id=22571648,https://images.avto.net/photo/22571648/1050967_160.jpg
22571647,Ford Tourneo Courier 1.5 Tdci KAMERA-NAVI-LEASING-LEANPAY...,2020,154000 km,diesel motor,ročni menjalnik,"1499 ccm, 74 kW / 101 KM",9.990 €,https://www.avto.net/Ads/details.asp?id=22571647,https://images.avto.net/photo/22571647/1050966_160.jpg
22571614,Peugeot 308 SW 1.5 BlueHDi 100 S S Allure,2019,156209 km,diesel motor,ročni menjalnik,"1499 ccm, 75 kW / 102 KM",7.700 €,https://www.avto.net/Ads/details.asp?id=22571614,https://images.avto.net/photo/22571614/1050874_160.jpg
22571546,Renault Kangoo Confort dCi 90 -TEMPOMAT-KLJUKA- -PP-...,2014,137200 km,diesel motor,ročni menjalnik,"1461 ccm, 66 kW / 90 KM",9.290 €,https://www.avto.net/Ads/details.asp?id=22571546,https://images.avto.net/photo/22571546/1049662_160.jpg
22571455,Peugeot 508 SW 2.0 BlueHDi Allure Avt.,2016,185000 km,diesel motor,avtomatski menjalnik,"1997 ccm, 133 kW / 181 KM",7.500 €,https://www.avto.net/Ads/details.asp?id=22571455,https://images.avto.net/photo/22571455/1050583_160.jpg
21835041,Citroën C4 SpaceTourer Feel BlueHDi 130 S S BVM6.LED. NAVI.TEMPOMAT.PDC,2020,121200 km,diesel motor,ročni menjalnik,"1499 ccm, 96 kW / 131 KM",9.999 €,https://www.avto.net/Ads/details.asp?id=21835041,https://images.avto.net/photo/21835041/1050667_160.jpg
22571309,Nissan Qashqai 1.6DCI-LED-PANORAMA-360KAMERA-NAVI-LANE-ASSIST-P..,2016,122000 km,diesel motor,ročni menjalnik,"1598 ccm, 96 kW / 131 KM",9.950 €,https://www.avto.net/Ads/details.asp?id=22571309,https://images.avto.net/photo/22571309/1046984_160.jpg
22571301,Nissan Qashqai 1.6 dCi 360° KAMERA+KEYLESS+XENON+2KLIMA+SLO+TOP,2016,196186 km,diesel motor,ročni menjalnik,"1598 ccm, 96 kW / 131 KM",8.990 €,https://www.avto.net/Ads/details.asp?id=22571301,https://images.avto.net/photo/22571301/1046806_160.jpg
22571295,Renault Grand Scenic dCi 110 Energy Zen,2017,179996 km,diesel motor,ročni menjalnik,"1461 ccm, 81 kW / 110 KM",7.880 €,https://www.avto.net/Ads/details.asp?id=22571295,https://images.avto.net/photo/22571295/1048117_160.jpg
22571089,Mazda CX-5 CD150  Challenge Avt.,2013,196838 km,diesel motor,avtomatski menjalnik,"2191 ccm, 110 kW / 150 KM",6.900 €,https://www.avto.net/Ads/details.asp?id=22571089,https://images.avto.net/photo/22571089/1044973_160.jpg
22571073,BMW serija 5: 530d Highline,2002,181000 km,diesel motor,ročni menjalnik,"2926 ccm, 142 kW / 193 KM",10.000 €,https://www.avto.net/Ads/details.asp?id=22571073,https://images.avto.net/photo/22571073/1047257_160.jpg
22571065,Hyundai i20 1.1 CRDI 55KW STYLE - SLO - 1.LASTNIK -,2017,164054 km,diesel motor,ročni menjalnik,"1120 ccm, 55 kW / 75 KM",5.990 €,https://www.avto.net/Ads/details.asp?id=22571065,https://images.avto.net/photo/22571065/1044320_160.jpg
22570967,Peugeot 2008 1.6 e-HDi-SLOVENSKI-TEMPOMAT-FINANCIRANJE-ODLIČEN,2013,170973 km,diesel motor,ročni menjalnik,"1560 ccm, 68 kW / 92 KM",5.590 €,https://www.avto.net/Ads/details.asp?id=22570967,https://images.avto.net/photo/22570967/1043466_160.jpg
22570799,Citroën C5 2.0 HDi  Exclusive 1.LASTNIK. AVTOMATIK,2010,180800 km,diesel motor,avtomatski menjalnik,"1997 ccm, 103 kW / 140 KM",5.350 €,https://www.avto.net/Ads/details.asp?id=22570799,https://images.avto.net/photo/22570799/1042460_160.jpg
22555599,Renault Megane Berline dCi LED-NAVIG-LANE-KEYLESS-VIRTU-PDC,2016,185247 km,diesel motor,ročni menjalnik,"1461 ccm, 81 kW / 110 KM",6.990 €,https://www.avto.net/Ads/details.asp?id=22555599,https://images.avto.net/photo/22555599/1077494_160.jpg
22570782,Volkswagen Touran 1.6 TDI HITRI KREDIT BREZ POLOGA CCA 170€,2015,110350 km,diesel motor,ročni menjalnik,"1598 ccm, 77 kW / 105 KM",9.999 €,https://www.avto.net/Ads/details.asp?id=22570782,https://images.avto.net/photo/22570782/1041767_160.jpg
22570741,Renault Espace,2015,175000 km,diesel motor,avtomatski menjalnik,"1598 ccm, 118 kW / 160 KM",6.500 €,https://www.avto.net/Ads/details.asp?id=22570741,https://images.avto.net/photo/22570741/1042920_160.jpg
22570691,Volkswagen Golf Variant 2.0-TDI-SLO-R-LINE-1-LASTNIK-1-BARVA-ACC-LED-FRONT,2015,196500 km,diesel motor,ročni menjalnik,"1968 ccm, 110 kW / 150 KM",8.500 €,https://www.avto.net/Ads/details.asp?id=22570691,https://images.avto.net/photo/22570691/1040943_160.jpg
22524921,Opel Crossland 1.5D LED |KAMERA|LITA PLAT.|ANDROID AUTO|AVT.KLIMA,2020,121436 km,diesel motor,ročni menjalnik,"1499 ccm, 75 kW / 102 KM",9.990 €,https://www.avto.net/Ads/details.asp?id=22524921,https://images.avto.net/photo/22524921/1039800_160.jpg
22570636,Peugeot 208 1.5 BLUEHDI 100 ACTIVE...,2021,135941 km,diesel motor,ročni menjalnik,"1499 ccm, 75 kW / 102 KM",9.250 €,https://www.avto.net/Ads/details.asp?id=22570636,https://images.avto.net/photo/22570636/1040457_160.jpg
22570594,Kia Ceed SW 1.6 DIZEL-GT LINE-PERLA BELA-LED-NAVI-SLOVENSKA,2018,179950 km,diesel motor,ročni menjalnik,"1582 ccm, 100 kW / 136 KM",8.490 €,https://www.avto.net/Ads/details.asp?id=22570594,https://images.avto.net/photo/22570594/1040132_160.jpg
22570578,Renault Talisman Grandtour dCi130 Zen Led luči Bose Keyless Kljuka.,2016,171000 km,diesel motor,ročni menjalnik,"1598 ccm, 96 kW / 131 KM",8.850 €,https://www.avto.net/Ads/details.asp?id=22570578,https://images.avto.net/photo/22570578/1040168_160.jpg
22474864,Renault Megane dCi-Energy-2LASTNICA-ODLIČEN-LED-PDC-NAVI-KREDIT,2016,185641 km,diesel motor,ročni menjalnik,"1461 ccm, 66 kW / 90 KM",6.999 €,https://www.avto.net/Ads/details.asp?id=22474864,https://images.avto.net/photo/22474864/1045397_160.jpg
22570322,Volkswagen Golf Sportsvan 1.6 TDI BMT Comfortline DSG 1.LAST SLO PDC TEMP...,2016,187428 km,diesel motor,avtomatski menjalnik,"1598 ccm, 81 kW / 110 KM",9.490 €,https://www.avto.net/Ads/details.asp?id=22570322,https://images.avto.net/photo/22570322/1037946_160.jpg
22570181,Fiat 500L 1.3 Multijet 16v PANORAMA+GRET.SEDEŽEV+TEMPOMAT,2014,62804 km,diesel motor,ročni menjalnik,"1248 ccm, 62 kW / 84 KM",8.990 €,https://www.avto.net/Ads/details.asp?id=22570181,https://images.avto.net/photo/22570181/1036845_160.jpg
22570177,Citroën C3 1.5 BlueHDi 100 S S + velik servis zimske gume vin,2019,145000 km,diesel motor,ročni menjalnik,"1499 ccm, 75 kW / 102 KM",7.600 €,https://www.avto.net/Ads/details.asp?id=22570177,https://images.avto.net/photo/22570177/1037130_160.jpg
22570123,Peugeot Partner Tepee 1.6 BlueHDi 120 Allure -SLO-JAMSTVO-NAVI,2018,129500 km,diesel motor,ročni menjalnik,"1560 ccm, 88 kW / 120 KM",9.980 €,https://www.avto.net/Ads/details.asp?id=22570123,https://images.avto.net/photo/22570123/1036456_160.jpg
22570086,Citroën Berlingo BlueHDi 120 S S Shine - SLO - 1.LASTNIK - JAMSTVO,2017,127500 km,diesel motor,ročni menjalnik,"1560 ccm, 88 kW / 120 KM",9.980 €,https://www.avto.net/Ads/details.asp?id=22570086,https://images.avto.net/photo/22570086/1036103_160.jpg
22522778,Peugeot Partner Tepee 1.6 HDi-LEANPAY-SLO POREKLO-KLIMA-VL.KLJUKA,2012,177900 km,diesel motor,ročni menjalnik,"1560 ccm, 68 kW / 92 KM",5.990 €,https://www.avto.net/Ads/details.asp?id=22522778,https://images.avto.net/photo/22522778/1070021_160.jpg
22570051,Citroën Berlingo BlueHDi 100 Shine - SLO - 1.LASTNIK- JAMSTVO,2018,123500 km,diesel motor,ročni menjalnik,"1560 ccm, 73 kW / 99 KM",9.980 €,https://www.avto.net/Ads/details.asp?id=22570051,https://images.avto.net/photo/22570051/1035828_160.jpg
22017217,Peugeot 308 1.5 BlueHDi 130-NAVI-LED-2XPDC-ALU-ODLIČEN-...,2020,180500 km,diesel motor,ročni menjalnik,"1499 ccm, 96 kW / 131 KM",7.890 €,https://www.avto.net/Ads/details.asp?id=22017217,https://images.avto.net/photo/22017217/1051905_160.jpg
22569968,BMW serija 2 Active Tourer: serija 2  216d Active Tourer,2016,190000 km,diesel motor,ročni menjalnik,"1496 ccm, 85 kW / 116 KM",9.600 €,https://www.avto.net/Ads/details.asp?id=22569968,https://images.avto.net/photo/22569968/1035436_160.jpg
22569950,Peugeot 308 SW 2.0 BlueHDI Active Avtomatik Navigacija,2016,192625 km,diesel motor,avtomatski menjalnik,"1997 ccm, 110 kW / 150 KM",5.900 €,https://www.avto.net/Ads/details.asp?id=22569950,https://images.avto.net/photo/22569950/1035539_160.jpg
22569935,Nissan Juke 1.5 dCi Tekna,2013,184370 km,diesel motor,ročni menjalnik,"1461 ccm, 81 kW / 110 KM",5.790 €,https://www.avto.net/Ads/details.asp?id=22569935,https://images.avto.net/photo/22569935/1034934_160.jpg
22569915,Volkswagen CrossTouran 1.9 TDI DPF,2007,,diesel motor,ročni menjalnik,"1896 ccm, 77 kW / 105 KM",5.400 €,https://www.avto.net/Ads/details.asp?id=22569915,https://images.avto.net/photo/22569915/1034514_160.jpg
22569861,Ford Fiesta 1.5 TDCi Titanium,2017,106000 km,diesel motor,ročni menjalnik,"1499 ccm, 55 kW / 75 KM",6.500 €,https://www.avto.net/Ads/details.asp?id=22569861,https://images.avto.net/photo/22569861/1034135_160.jpg
22569850,Volkswagen Polo 1.4 TDI BMT Comfort Edition KREDIT BREZ POLOGA,2017,185000 km,diesel motor,ročni menjalnik,"1422 ccm, 66 kW / 90 KM",7.450 €,https://www.avto.net/Ads/details.asp?id=22569850,https://images.avto.net/photo/22569850/1033804_160.jpg
22569833,Volkswagen Polo 1.4 TDI BMT Comfort Edition,2017,195000 km,diesel motor,ročni menjalnik,"1422 ccm, 66 kW / 90 KM",5.700 €,https://www.avto.net/Ads/details.asp?id=22569833,https://images.avto.net/photo/22569833/1033781_160.jpg
22569830,Volkswagen Golf TDI BREZ POLOGA-LEANPAY,2011,185000 km,diesel motor,ročni menjalnik,"1598 ccm, 77 kW / 105 KM",5.480 €,https://www.avto.net/Ads/details.asp?id=22569830,https://images.avto.net/photo/22569830/1033568_160.jpg
22238946,Citroën C3 MODIFICIRAN-111000KM-BlueHDi-NAVI-LED-PDC-TEMPOM..,2021,111657 km,diesel motor,ročni menjalnik,"1499 ccm, 75 kW / 102 KM",8.690 €,https://www.avto.net/Ads/details.asp?id=22238946,https://images.avto.net/photo/22238946/1047292_160.jpg
22569787,Citroën Berlingo BlueHDi 120-VSA OPREMA- REDNO SERVISIRAN-ODLIČEN,2018,169185 km,diesel motor,ročni menjalnik,"1560 ccm, 88 kW / 120 KM",8.490 €,https://www.avto.net/Ads/details.asp?id=22569787,https://images.avto.net/photo/22569787/1033332_160.jpg
22569726,Opel Astra TDCI  Business Edition avtomatic 1.lastniki,2021,145676 km,diesel motor,avtomatski menjalnik,"1496 ccm, 90 kW / 122 KM",8.990 €,https://www.avto.net/Ads/details.asp?id=22569726,https://images.avto.net/photo/22569726/1032895_160.jpg
22569687,Renault Grand Scenic Blue dCi XENON-LED.NAVI.PRIKLOP.SLOVENSKI,2019,151815 km,diesel motor,ročni menjalnik,"1749 ccm, 88 kW / 120 KM",9.999 €,https://www.avto.net/Ads/details.asp?id=22569687,https://images.avto.net/photo/22569687/1032738_160.jpg
22569606,Volvo V40 2.0 TD -NAVI-LED-KAMERA-VIRTUAL-LANE ASIST-TEMPO,2016,175000 km,diesel motor,ročni menjalnik,"1969 ccm, 88 kW / 120 KM",7.000 €,https://www.avto.net/Ads/details.asp?id=22569606,https://images.avto.net/photo/22569606/1030855_160.jpg
22569595,Opel Crossland X 1.6 CDTI,2018,130000 km,diesel motor,ročni menjalnik,"1560 ccm, 73 kW / 99 KM",9.700 €,https://www.avto.net/Ads/details.asp?id=22569595,https://images.avto.net/photo/22569595/1030679_160.jpg
22569533,Renault Megane Berline Blue dCi 115 Intens,2018,186871 km,diesel motor,avtomatski menjalnik,"1461 ccm, 85 kW / 116 KM",8.990 €,https://www.avto.net/Ads/details.asp?id=22569533,https://images.avto.net/photo/22569533/1029974_160.jpg
22569528,Citroën C-Elysee 1.6 Bluehdi Exclusive-PDC-KLIMA-TEMPOMAT-,2016,108000 km,diesel motor,ročni menjalnik,"1560 ccm, 73 kW / 99 KM",5.990 €,https://www.avto.net/Ads/details.asp?id=22569528,https://images.avto.net/photo/22569528/1029515_160.jpg
22569486,MINI Coupe ODLIČNO OHRANJENO|DAB|ASISTENCE|LED,2014,167600 km,diesel motor,avtomatski menjalnik,"1496 ccm, 85 kW / 116 KM",8.750 €,https://www.avto.net/Ads/details.asp?id=22569486,https://images.avto.net/photo/22569486/1029086_160.jpg
22569439,Audi A4 Avant,2009,,diesel motor,ročni menjalnik,"1998 ccm, 105 kW / 143 KM",5.000 €,https://www.avto.net/Ads/details.asp?id=22569439,https://images.avto.net/photo/22569439/1028537_160.jpg
22569418,Ford Focus Style 1.5 TDCi 120 KM,2018,183790 km,diesel motor,ročni menjalnik,"1499 ccm, 88 kW / 120 KM",6.990 €,https://www.avto.net/Ads/details.asp?id=22569418,https://images.avto.net/photo/22569418/1027702_160.jpg
22569412,Renault Kadjar 1.5 DCI NAVI 2XPDC ALU 17COL KEYLESS 1L JAMSTVO,2017,180000 km,diesel motor,ročni menjalnik,"1461 ccm, 81 kW / 110 KM",9.990 €,https://www.avto.net/Ads/details.asp?id=22569412,https://images.avto.net/photo/22569412/1027554_160.jpg
22569401,Citroën Berlingo 1.6HDi-144.000KM-SLO-1.LASTNIK-KLJUKA-ALU-PDC,2018,144000 km,diesel motor,ročni menjalnik,"1560 ccm, 88 kW / 120 KM",8.450 €,https://www.avto.net/Ads/details.asp?id=22569401,https://images.avto.net/photo/22569401/1027413_160.jpg
22096355,Opel Crossland X INNOVATION 1.5 CDTI KAM-OGRE.V+ JAMSTVO...,2019,132025 km,diesel motor,ročni menjalnik,"1499 ccm, 75 kW / 102 KM",8.490 €,https://www.avto.net/Ads/details.asp?id=22096355,https://images.avto.net/photo/22096355/1047523_160.jpg
22108052,Nissan Qashqai 1.5 DCI LEANPAY. HITRI KREDIT BREZ POLOGA,2014,161810 km,diesel motor,ročni menjalnik,"1461 ccm, 81 kW / 110 KM",6.400 €,https://www.avto.net/Ads/details.asp?id=22108052,https://images.avto.net/photo/22108052/1066066_160.jpg
22569301,Audi A4 Avant,2011,157000 km,diesel motor,avtomatski menjalnik,"2690 ccm, 120 kW / 163 KM",7.800 €,https://www.avto.net/Ads/details.asp?id=22569301,https://images.avto.net/photo/22569301/1024653_160.jpg
22569292,Škoda Octavia Combi 1.6 CR TDI DPF Family,2013,,diesel motor,ročni menjalnik,"1598 ccm, 77 kW / 105 KM",5.000 €,https://www.avto.net/Ads/details.asp?id=22569292,https://images.avto.net/photo/22569292/1023699_160.jpg
22569227,Volkswagen Polo 1.4 TDI BMT Comfortline,2015,199500 km,diesel motor,ročni menjalnik,"1422 ccm, 66 kW / 90 KM",7.499 €,https://www.avto.net/Ads/details.asp?id=22569227,https://images.avto.net/photo/22569227/101456_160.jpg
22569224,Hyundai i40 1.7 CRDi 1.LASTNIKI-USNJE-HLAJENJE SEDEŽEV-KAMERA,2014,135000 km,diesel motor,ročni menjalnik,"1685 ccm, 100 kW / 136 KM",8.990 €,https://www.avto.net/Ads/details.asp?id=22569224,https://images.avto.net/photo/22569224/1086236_160.jpg
22569067,Ford Mondeo I|AVT.|LED|ALU|KAMERA|KEYLESS GO LEANPAY LEASING,2018,181000 km,diesel motor,avtomatski menjalnik,"1997 ccm, 110 kW / 150 KM",8.990 €,https://www.avto.net/Ads/details.asp?id=22569067,https://images.avto.net/photo/22569067/1079532_160.jpg
22569034,Peugeot 2008 1.6 BlueHDI. oprema ALLURE,2016,168694 km,diesel motor,ročni menjalnik,"1560 ccm, 73 kW / 99 KM",8.700 €,https://www.avto.net/Ads/details.asp?id=22569034,https://images.avto.net/photo/22569034/1078877_160.jpg
22568891,Dacia Dokker Stepway,2016,98000 km,diesel motor,ročni menjalnik,"1461 ccm, 66 kW / 90 KM",7.600 €,https://www.avto.net/Ads/details.asp?id=22568891,https://images.avto.net/photo/22568891/1074689_160.jpg
22568843,Volkswagen Golf Sportsvan 1.6 TDI BMT Comfortline,2016,,diesel motor,ročni menjalnik,"1598 ccm, 85 kW / 116 KM",9.600 €,https://www.avto.net/Ads/details.asp?id=22568843,https://images.avto.net/photo/22568843/1073750_160.jpg
22568769,Škoda Octavia Combi 2.0 TDI Elegance,2014,,diesel motor,ročni menjalnik,"1968 ccm, 110 kW / 150 KM",5.850 €,https://www.avto.net/Ads/details.asp?id=22568769,https://images.avto.net/photo/22568769/1071724_160.jpg
22568719,Citroën C4 Picasso 1.6 BlueHDi S S Exclusive - 144.500 km - SLO,2016,144500 km,diesel motor,ročni menjalnik,"1560 ccm, 88 kW / 120 KM",6.990 €,https://www.avto.net/Ads/details.asp?id=22568719,https://images.avto.net/photo/22568719/1070874_160.jpg
22568705,Jeep Renegade 1.6 MultiJet Limited-SLO VOZILO-ODLIČEN,2016,190000 km,diesel motor,ročni menjalnik,"1598 ccm, 88 kW / 120 KM",9.400 €,https://www.avto.net/Ads/details.asp?id=22568705,https://images.avto.net/photo/22568705/1070819_160.jpg
22568678,Fiat 500X 1.3 MultiJet City Look Pop Star - 1.LASTNIK,2018,152680 km,diesel motor,ročni menjalnik,"1248 ccm, 70 kW / 95 KM",8.900 €,https://www.avto.net/Ads/details.asp?id=22568678,https://images.avto.net/photo/22568678/1069982_160.jpg
22568674,Renault Talisman 1.6 dCi 130 -FULL LED-KAMERA-NAVI-MASAŽA-MRTVI K..,2016,200000 km,diesel motor,ročni menjalnik,"1598 ccm, 96 kW / 131 KM",8.400 €,https://www.avto.net/Ads/details.asp?id=22568674,https://images.avto.net/photo/22568674/1069776_160.jpg
22568671,Renault Espace 1.6 dCi 160 Aut. -7 SEDEŽEV-USNJE-FULL LED-KAME...,2015,171000 km,diesel motor,avtomatski menjalnik,"1598 ccm, 118 kW / 160 KM",9.000 €,https://www.avto.net/Ads/details.asp?id=22568671,https://images.avto.net/photo/22568671/1069776_160.jpg
22568664,Opel Zafira 1.6 CDTi -7 SEDEŽEV-KAMERA-NAVI-PDC-ALU-TEMPOMAT..,2015,186000 km,diesel motor,ročni menjalnik,"1598 ccm, 100 kW / 136 KM",5.500 €,https://www.avto.net/Ads/details.asp?id=22568664,https://images.avto.net/photo/22568664/1069713_160.jpg
22568646,Kia Rio 1.4 CRDi - 6 PRESTAV - KLIMA - USB - BREZ POLOGA,2015,180000 km,diesel motor,ročni menjalnik,"1396 ccm, 66 kW / 90 KM",5.200 €,https://www.avto.net/Ads/details.asp?id=22568646,https://images.avto.net/photo/22568646/1069433_160.jpg
22568645,Ford C-Max 1.5 TDCi -NAVI-6 PRESTAV-TEMPOMAT-PDC-...,2017,147000 km,diesel motor,ročni menjalnik,"1499 ccm, 77 kW / 105 KM",7.300 €,https://www.avto.net/Ads/details.asp?id=22568645,https://images.avto.net/photo/22568645/1069434_160.jpg
22568644,Citroën C4 Grand Picasso 1.6 HDi -7 SEDEŽEV-VIRTUAL-NAVI-KAMERA-LED-TEMPO,2016,185000 km,diesel motor,ročni menjalnik,"1560 ccm, 88 kW / 120 KM",6.600 €,https://www.avto.net/Ads/details.asp?id=22568644,https://images.avto.net/photo/22568644/1069434_160.jpg
22568609,Volkswagen Polo 1.4,2015,165101 km,diesel motor,ročni menjalnik,"1422 ccm, 66 kW / 90 KM",8.400 €,https://www.avto.net/Ads/details.asp?id=22568609,https://images.avto.net/photo/22568609/1069360_160.jpg
22568588,Volkswagen Golf 1.6 TDI BMT 40 let,2015,190000 km,diesel motor,ročni menjalnik,"1598 ccm, 77 kW / 105 KM",9.250 €,https://www.avto.net/Ads/details.asp?id=22568588,https://images.avto.net/photo/22568588/1068644_160.jpg
22568538,Opel Insignia 1.6 Dcti Grand Sport INNOVATION,2019,180500 km,diesel motor,avtomatski menjalnik,"1498 ccm, 100 kW / 136 KM",8.300 €,https://www.avto.net/Ads/details.asp?id=22568538,https://images.avto.net/photo/22568538/1068903_160.jpg
22568466,Peugeot 2008 1.6 BlueHDI  ALLURE ODLIČNO OHRANJEN - UGODNO,2018,151000 km,diesel motor,ročni menjalnik,"1560 ccm, 73 kW / 99 KM",8.000 €,https://www.avto.net/Ads/details.asp?id=22568466,https://images.avto.net/photo/22568466/1067001_160.jpg
22568457,Aixam MinAuto SV43-BF,2015,29000 km,diesel motor,avtomatski menjalnik,"400 ccm, 4 kW / 5 KM",6.850 €,https://www.avto.net/Ads/details.asp?id=22568457,https://images.avto.net/photo/22568457/1067560_160.jpg
22568421,Kia Sportage 1.7 CRDI 85KW - SLO - 1.LASTNIK - NOVA SKLOPKA,2015,184663 km,diesel motor,ročni menjalnik,"1685 ccm, 85 kW / 116 KM",8.490 €,https://www.avto.net/Ads/details.asp?id=22568421,https://images.avto.net/photo/22568421/1064565_160.jpg
22568391,Hyundai ix35 1.7 CRDI Go •SLO•146.000KM•LED•NAVI•KAMERA•PRIKLOP,2015,146001 km,diesel motor,ročni menjalnik,"1685 ccm, 85 kW / 116 KM",9.950 €,https://www.avto.net/Ads/details.asp?id=22568391,https://images.avto.net/photo/22568391/1064009_160.jpg
22568380,Opel Astra ST 1.6 CDTI WEBASTO|GR. SEDEŽEV|TEMPOMAT|1.LASTNI,2017,132850 km,diesel motor,ročni menjalnik,"1598 ccm, 81 kW / 110 KM",7.590 €,https://www.avto.net/Ads/details.asp?id=22568380,https://images.avto.net/photo/22568380/1063735_160.jpg
22568332,Renault Captur Dy. Energy  1.5 dCi  Stop Start°101.000km°NAVI°SLO,2013,101274 km,diesel motor,ročni menjalnik,"1461 ccm, 66 kW / 90 KM",8.990 €,https://www.avto.net/Ads/details.asp?id=22568332,https://images.avto.net/photo/22568332/1062617_160.jpg
22568306,Renault Captur dCi 90 Energy Authentique Start Stop,2015,176250 km,diesel motor,ročni menjalnik,"1461 ccm, 66 kW / 90 KM",7.350 €,https://www.avto.net/Ads/details.asp?id=22568306,https://images.avto.net/photo/22568306/1062650_160.jpg
22568267,BMW serija 1: 116d Advantage KLIMA TEMPOMAT KUPLJEN V SLO,2016,172000 km,diesel motor,ročni menjalnik,"1496 ccm, 85 kW / 116 KM",7.200 €,https://www.avto.net/Ads/details.asp?id=22568267,https://images.avto.net/photo/22568267/1061530_160.jpg
22568254,Microcar M.GO PROGRESS-AM KATEGORIJA-KOT NOV-1.lastnik-servisna,2018,20000 km,diesel motor,avtomatski menjalnik,"498 ccm, 6 kW / 8 KM",7.699 €,https://www.avto.net/Ads/details.asp?id=22568254,https://images.avto.net/photo/22568254/1061486_160.jpg
22568231,Renault Captur dCi 90 Energy Expression.DIZEL.66 KW.125.000 KM,2017,125000 km,diesel motor,ročni menjalnik,"1461 ccm, 66 kW / 90 KM",7.999 €,https://www.avto.net/Ads/details.asp?id=22568231,https://images.avto.net/photo/22568231/1060487_160.jpg
22568208,Volkswagen Polo 1.4 TDI BMT Comfort Edition,2017,83500 km,diesel motor,ročni menjalnik,"1422 ccm, 66 kW / 90 KM",8.200 €,https://www.avto.net/Ads/details.asp?id=22568208,https://images.avto.net/photo/22568208/1059677_160.jpg
22568199,Renault Grand Scenic Intens Energy dCi 130+FULL LED+NAVI+KAMERA+MENJAVA,2017,183900 km,diesel motor,ročni menjalnik,"1600 ccm, 96 kW / 131 KM",9.990 €,https://www.avto.net/Ads/details.asp?id=22568199,https://images.avto.net/photo/22568199/1059271_160.jpg
22568119,Volkswagen Golf Sportsvan 1.6 TDI BMT Comfortline,2016,143891 km,diesel motor,ročni menjalnik,"1598 ccm, 81 kW / 110 KM",9.400 €,https://www.avto.net/Ads/details.asp?id=22568119,https://images.avto.net/photo/22568119/1057193_160.jpg
22567903,Opel Mokka 1.7 CDTI Enjoy. Automatic,2015,127000 km,diesel motor,avtomatski menjalnik,"1686 ccm, 96 kW / 131 KM",7.790 €,https://www.avto.net/Ads/details.asp?id=22567903,https://images.avto.net/photo/22567903/1053134_160.jpg
22567844,Renault Megane GRANDTOUR dCi 110 BUSINESS-SLO-1.LAST-SAMO 138TKM,2018,138900 km,diesel motor,ročni menjalnik,"1461 ccm, 81 kW / 110 KM",9.990 €,https://www.avto.net/Ads/details.asp?id=22567844,https://images.avto.net/photo/22567844/1049994_160.jpg
22567833,Volkswagen Golf Highline 2.0 TDI,2009,,diesel motor,ročni menjalnik,"1968 ccm, 81 kW / 110 KM",7.500 €,https://www.avto.net/Ads/details.asp?id=22567833,https://images.avto.net/photo/22567833/1050284_160.jpg
22567830,Citroën C4 SpaceTourer Live BlueHDi 130 AUTOMATIC...,2020,138152 km,diesel motor,avtomatski menjalnik,"1499 ccm, 96 kW / 131 KM",9.580 €,https://www.avto.net/Ads/details.asp?id=22567830,https://images.avto.net/photo/22567830/1049858_160.jpg
22567787,Ford Mondeo 2.0 TDCi 2.LASTNIK NAVI KAMERA ALU BREZ POLOGA,2018,185000 km,diesel motor,ročni menjalnik,"1996 ccm, 110 kW / 150 KM",9.990 €,https://www.avto.net/Ads/details.asp?id=22567787,https://images.avto.net/photo/22567787/1048809_160.jpg
22567777,Fiat Doblo 1.6.MULTIJET,2019,105310 km,diesel motor,ročni menjalnik,"1598 ccm, 88 kW / 120 KM",9.750 €,https://www.avto.net/Ads/details.asp?id=22567777,https://images.avto.net/photo/22567777/1049158_160.jpg
22567731,Opel Zafira Tourer 2.0 CDTi,2016,110378 km,diesel motor,ročni menjalnik,"1956 ccm, 96 kW / 131 KM",9.390 €,https://www.avto.net/Ads/details.asp?id=22567731,https://images.avto.net/photo/22567731/1047703_160.jpg
22567683,Mazda CX-5 CD150 AWD Attraction,2015,,diesel motor,ročni menjalnik,"2191 ccm, 110 kW / 150 KM",9.000 €,https://www.avto.net/Ads/details.asp?id=22567683,https://images.avto.net/photo/22567683/1048147_160.jpg
22567643,Peugeot 208 1.6 e-HDi Active,2013,146000 km,diesel motor,ročni menjalnik,"1560 ccm, 68 kW / 92 KM",5.400 €,https://www.avto.net/Ads/details.asp?id=22567643,https://images.avto.net/photo/22567643/1046056_160.jpg
22567582,Renault Megane Berline dCi 95 Expression,2014,142089 km,diesel motor,ročni menjalnik,"1461 ccm, 70 kW / 95 KM",5.200 €,https://www.avto.net/Ads/details.asp?id=22567582,https://images.avto.net/photo/22567582/1046281_160.jpg
22567577,Renault Grand Scenic DYNAMIQUE dCi130 NAVIGACIJA-ALU PLATIŠČA-SLOVENSKI,2014,99892 km,diesel motor,ročni menjalnik,"1598 ccm, 96 kW / 131 KM",5.999 €,https://www.avto.net/Ads/details.asp?id=22567577,https://images.avto.net/photo/22567577/1045097_160.jpg
22567566,Citroën Berlingo 1.6HDi SHINE MODEL 2018 1.LASTNIK KUPLJEN SLO TOP,2017,116760 km,diesel motor,ročni menjalnik,"1560 ccm, 73 kW / 99 KM",9.490 €,https://www.avto.net/Ads/details.asp?id=22567566,https://images.avto.net/photo/22567566/1046282_160.jpg
22567540,Opel Astra 1.6 CDTI 81KW-LE84.767KM-NAVI-LED-PDC-6.PRESTAV,2019,84767 km,diesel motor,ročni menjalnik,"1598 ccm, 81 kW / 110 KM",8.990 €,https://www.avto.net/Ads/details.asp?id=22567540,https://images.avto.net/photo/22567540/1044277_160.jpg
22567474,Peugeot 308 1.6 BlueHDi Active,2016,125000 km,diesel motor,ročni menjalnik,"1560 ccm, 73 kW / 99 KM",6.100 €,https://www.avto.net/Ads/details.asp?id=22567474,https://images.avto.net/photo/22567474/1043997_160.jpg
22567456,Volkswagen Golf Plus 1.6 TDI DPF Comfortline 77  105,2012,194900 km,diesel motor,ročni menjalnik,"1598 ccm, 77 kW / 105 KM",5.200 €,https://www.avto.net/Ads/details.asp?id=22567456,https://images.avto.net/photo/22567456/1042974_160.jpg
22567414,Land Rover Defender 110 TDi Station Wagon,1997,,diesel motor,ročni menjalnik,"2495 ccm, 83 kW / 113 KM",9.000 €,https://www.avto.net/Ads/details.asp?id=22567414,https://images.avto.net/photo/22567414/1042448_160.jpg
22567385,Citroën C3 Picasso 1.6 BlueHDi Attraction,2016,163000 km,diesel motor,ročni menjalnik,"1560 ccm, 73 kW / 99 KM",5.200 €,https://www.avto.net/Ads/details.asp?id=22567385,https://images.avto.net/photo/22567385/1042498_160.jpg
22567380,Toyota RAV4 2.2 D-4D 4WD 4X4 GRETJE SEDEŽEV-ALU-SLOVENSKA,2007,168062 km,diesel motor,ročni menjalnik,"2231 ccm, 100 kW / 136 KM",6.950 €,https://www.avto.net/Ads/details.asp?id=22567380,https://images.avto.net/photo/22567380/1042066_160.jpg
22560830,Volkswagen Golf Variant 1.6 TDI DSG-R-LINE-SLO.-POREK-LED-PANOR-NAVIG-PDC,2015,176523 km,diesel motor,avtomatski menjalnik,"1598 ccm, 77 kW / 105 KM",7.990 €,https://www.avto.net/Ads/details.asp?id=22560830,https://images.avto.net/photo/22560830/1046633_160.jpg
22567219,Kia Sportage 1.7 CRDi LED-PDC-KLIMA-ODLIČEN-BREZ POLOGA,2014,153000 km,diesel motor,ročni menjalnik,"1685 ccm, 85 kW / 116 KM",8.190 €,https://www.avto.net/Ads/details.asp?id=22567219,https://images.avto.net/photo/22567219/1039011_160.jpg
22567165,Mercedes-Benz C-Razred C 220 CDI T Avantgarde,2009,135000 km,diesel motor,ročni menjalnik,"2148 ccm, 125 kW / 170 KM",7.700 €,https://www.avto.net/Ads/details.asp?id=22567165,https://images.avto.net/photo/22567165/1038862_160.jpg
22567160,Ford Tourneo Courier 1.5 TDCI 2X DRSNA-KLIMA-OD 93-139000KM-VEC VOZIL,2020,134000 km,diesel motor,ročni menjalnik,"1499 ccm, 55 kW / 75 KM",7.980 €,https://www.avto.net/Ads/details.asp?id=22567160,https://images.avto.net/photo/22567160/1038729_160.jpg
22567083,Mercedes-Benz B-Razred B 180 CDI,2014,141000 km,diesel motor,ročni menjalnik,"1461 ccm, 80 kW / 109 KM",7.990 €,https://www.avto.net/Ads/details.asp?id=22567083,https://images.avto.net/photo/22567083/1037371_160.jpg
22567066,Škoda Rapid 1.6 TDI 77 kW Elegance,2014,200000 km,diesel motor,ročni menjalnik,"1598 ccm, 77 kW / 105 KM",6.500 €,https://www.avto.net/Ads/details.asp?id=22567066,https://images.avto.net/photo/22567066/1036460_160.jpg
22566974,Renault Clio 1.5 DCI-NAVI-TEMPOMAT-LEANPAY,2016,95000 km,diesel motor,ročni menjalnik,"1461 ccm, 55 kW / 75 KM",6.490 €,https://www.avto.net/Ads/details.asp?id=22566974,https://images.avto.net/photo/22566974/1035659_160.jpg
22566840,Volkswagen Golf TDI BREZ POLOGA-SLO-1.lastnik-LEANPAY,2016,169000 km,diesel motor,ročni menjalnik,"1598 ccm, 81 kW / 110 KM",8.480 €,https://www.avto.net/Ads/details.asp?id=22566840,https://images.avto.net/photo/22566840/1031594_160.jpg
22566732,Renault Captur dCi 110 Energy Iconic•Slovensko vozilo•1.Lastnik•,2017,113840 km,diesel motor,ročni menjalnik,"1461 ccm, 81 kW / 110 KM",9.990 €,https://www.avto.net/Ads/details.asp?id=22566732,https://images.avto.net/photo/22566732/1029089_160.jpg
22566667,Volkswagen Golf 1.6 TDI 105ks. NAKUP SAMO Z OSEBNO,2012,161231 km,diesel motor,ročni menjalnik,"1598 ccm, 77 kW / 105 KM",7.000 €,https://www.avto.net/Ads/details.asp?id=22566667,https://images.avto.net/photo/22566667/1026954_160.jpg
22566635,BMW serija 2 Active Tourer: 216d-LED-PANORAMA-PDC-TEMPOMAT-VELCNA KLJUKA,2015,150000 km,diesel motor,ročni menjalnik,"1496 ccm, 85 kW / 116 KM",8.490 €,https://www.avto.net/Ads/details.asp?id=22566635,https://images.avto.net/photo/22566635/1026207_160.jpg
22566615,Peugeot 5008 ACTIVE 1.6 HDI KREDIT BREZ POLOGA ODLIČNO OHRANJ,2016,196043 km,diesel motor,ročni menjalnik,"1560 ccm, 88 kW / 120 KM",6.880 €,https://www.avto.net/Ads/details.asp?id=22566615,https://images.avto.net/photo/22566615/1025287_160.jpg
22566525,Renault Talisman dCi 160 Initiale Paris+USNJE+MASAŽA+R.KAMERA,2016,139885 km,diesel motor,ročni menjalnik,"1598 ccm, 118 kW / 160 KM",9.995 €,https://www.avto.net/Ads/details.asp?id=22566525,https://images.avto.net/photo/22566525/1086091_160.jpg
22566346,BMW serija 3 Touring: 318d|NAVI|Gretje sedezev|Ohranjen,2015,150000 km,diesel motor,ročni menjalnik,"1998 ccm, 105 kW / 143 KM",8.999 €,https://www.avto.net/Ads/details.asp?id=22566346,https://images.avto.net/photo/22566346/1075604_160.jpg
22566309,Volkswagen Passat Variant 2.0 TDI BMT Comfortline,2015,,diesel motor,ročni menjalnik,"1968 ccm, 110 kW / 150 KM",9.000 €,https://www.avto.net/Ads/details.asp?id=22566309,https://images.avto.net/photo/22566309/1072608_160.jpg
22566265,Opel Astra Sports Tourer 1.5 D Wagon Elegance,2021,110000 km,diesel motor,ročni menjalnik,"1496 ccm, 90 kW / 122 KM",9.500 €,https://www.avto.net/Ads/details.asp?id=22566265,https://images.avto.net/photo/22566265/1071242_160.jpg
22514490,Kia Sportage 2WD 1.7 CRDI NAVIG-LED-KAMERA-PDC-LANE-LEASING,2016,194987 km,diesel motor,ročni menjalnik,"1685 ccm, 85 kW / 116 KM",9.990 €,https://www.avto.net/Ads/details.asp?id=22514490,https://images.avto.net/photo/22514490/1052770_160.jpg
22566211,BMW serija 3 Coupe: 320 Xdrive |AUT|LED|BIXENON|PDC|TEMP |LEANPAY |,2011,199200 km,diesel motor,avtomatski menjalnik,"1998 ccm, 135 kW / 184 KM",6.999 €,https://www.avto.net/Ads/details.asp?id=22566211,https://images.avto.net/photo/22566211/1068039_160.jpg
22566186,Opel Insignia 2.0 CDTI 125KW  SLO  SAMO 135000KM  LED...,2017,135000 km,diesel motor,ročni menjalnik,"1956 ccm, 125 kW / 170 KM",6.990 €,https://www.avto.net/Ads/details.asp?id=22566186,https://images.avto.net/photo/22566186/1066838_160.jpg
22566166,Renault Scenic Scénic dCi 95 Limited  SLO...,2016,190000 km,diesel motor,ročni menjalnik,"1461 ccm, 70 kW / 95 KM",5.700 €,https://www.avto.net/Ads/details.asp?id=22566166,https://images.avto.net/photo/22566166/1066036_160.jpg
22566118,Honda Accord Tourer 2.2i DTEC,2012,187000 km,diesel motor,ročni menjalnik,"2199 ccm, 110 kW / 150 KM",8.880 €,https://www.avto.net/Ads/details.asp?id=22566118,https://images.avto.net/photo/22566118/1065350_160.jpg
22566066,Volkswagen Golf Variant 1.6 TDI AVTOMATSKA KLIMA•GRETJE SEDEŽEV•TEL•ALU,2013,178600 km,diesel motor,ročni menjalnik,"1598 ccm, 77 kW / 105 KM",6.650 €,https://www.avto.net/Ads/details.asp?id=22566066,https://images.avto.net/photo/22566066/1062594_160.jpg
22566048,Peugeot 5008 1.6 BlueHDi Active,2016,118400 km,diesel motor,ročni menjalnik,"1560 ccm, 88 kW / 120 KM",6.900 €,https://www.avto.net/Ads/details.asp?id=22566048,https://images.avto.net/photo/22566048/1063118_160.jpg
22566022,Ford Mondeo 2.0 TDCi 132 kW Powershift Titanium,2016,199863 km,diesel motor,avtomatski menjalnik,"1996 ccm, 132 kW / 179 KM",9.888 €,https://www.avto.net/Ads/details.asp?id=22566022,https://images.avto.net/photo/22566022/1061277_160.jpg
22566011,BMW serija X1: X1 xDrive23d M Sport paket,2012,159954 km,diesel motor,avtomatski menjalnik,"1995 ccm, 150 kW / 204 KM",8.480 €,https://www.avto.net/Ads/details.asp?id=22566011,https://images.avto.net/photo/22566011/1061017_160.jpg
22565965,Citroën C4 SpaceTourer C4 Spacetourer HDi 130-151.000KM-2.LASTNIK-NAVI,2019,151000 km,diesel motor,ročni menjalnik,"1499 ccm, 96 kW / 131 KM",8.490 €,https://www.avto.net/Ads/details.asp?id=22565965,https://images.avto.net/photo/22565965/1059525_160.jpg
21958912,Peugeot 2008 1.6 Blue HDi Stop Start ALLURE KREDIT BREZ POLOGA,2018,186214 km,diesel motor,ročni menjalnik,"1560 ccm, 73 kW / 99 KM",8.990 €,https://www.avto.net/Ads/details.asp?id=21958912,https://images.avto.net/photo/21958912/1048645_160.jpg
22565907,Hyundai ix20 1.4 CRDI COMFORT SAMO 118450 KM,2016,118450 km,diesel motor,ročni menjalnik,"1396 ccm, 66 kW / 90 KM",8.550 €,https://www.avto.net/Ads/details.asp?id=22565907,https://images.avto.net/photo/22565907/1058198_160.jpg
22565880,Audi A3 1.6 TDI-NAVI-XENON+LED-LIZING ZA TUJCE-ODLIČEN-,2017,196000 km,diesel motor,ročni menjalnik,"1598 ccm, 81 kW / 110 KM",9.850 €,https://www.avto.net/Ads/details.asp?id=22565880,https://images.avto.net/photo/22565880/1057511_160.jpg
22565875,Renault Clio dCi 75-NAVI-KAMERA-TEMPOMAT-PARK SENZORJI,2019,70252 km,diesel motor,ročni menjalnik,"1461 ccm, 55 kW / 75 KM",8.490 €,https://www.avto.net/Ads/details.asp?id=22565875,https://images.avto.net/photo/22565875/1058044_160.jpg
22565800,Renault Clio Clio dCi 75 Limited-KOT NOV. servisna.1.lastnik,2018,72100 km,diesel motor,ročni menjalnik,"1461 ccm, 55 kW / 75 KM",7.700 €,https://www.avto.net/Ads/details.asp?id=22565800,https://images.avto.net/photo/22565800/1056863_160.jpg
22565675,Seat Altea 1.6 TDI CR iTECH Ecomotive,2015,58000 km,diesel motor,ročni menjalnik,"1598 ccm, 77 kW / 105 KM",8.200 €,https://www.avto.net/Ads/details.asp?id=22565675,https://images.avto.net/photo/22565675/1053816_160.jpg
22565657,Toyota Verso 2.0 D4-D Sol 7 sedežev REDNO SERVISIRAN...,2011,184535 km,diesel motor,ročni menjalnik,"1998 ccm, 93 kW / 126 KM",7.990 €,https://www.avto.net/Ads/details.asp?id=22565657,https://images.avto.net/photo/22565657/1053636_160.jpg
22565624,Peugeot 3008 1.6 e-HDI 120 STYLE-NAVI-KAMERA-2xPDC-ALU-LED-,2016,166987 km,diesel motor,ročni menjalnik,"1560 ccm, 88 kW / 120 KM",7.390 €,https://www.avto.net/Ads/details.asp?id=22565624,https://images.avto.net/photo/22565624/1053616_160.jpg
22565590,Citroën C4 Picasso 1.6 BlueHDi  Exclusive,2016,178000 km,diesel motor,ročni menjalnik,"1560 ccm, 88 kW / 120 KM",8.790 €,https://www.avto.net/Ads/details.asp?id=22565590,https://images.avto.net/photo/22565590/1052343_160.jpg
22565533,Ligier JS,2017,37561 km,diesel motor,avtomatski menjalnik,"480 ccm, 4 kW / 5 KM",5.800 €,https://www.avto.net/Ads/details.asp?id=22565533,https://images.avto.net/photo/22565533/1051629_160.jpg
22565510,Škoda Rapid 1.4 TDI Family,2017,185000 km,diesel motor,ročni menjalnik,"1422 ccm, 66 kW / 90 KM",7.200 €,https://www.avto.net/Ads/details.asp?id=22565510,https://images.avto.net/photo/22565510/1051129_160.jpg
22565496,Peugeot 2008,2015,160000 km,diesel motor,ročni menjalnik,"1560 ccm, 73 kW / 99 KM",6.500 €,https://www.avto.net/Ads/details.asp?id=22565496,https://images.avto.net/photo/22565496/1081420_160.jpg
22565472,Citroën C4 Cactus 1.6 BlueHDi S S Shine,2014,149000 km,diesel motor,ročni menjalnik,"1560 ccm, 73 kW / 99 KM",6.790 €,https://www.avto.net/Ads/details.asp?id=22565472,https://images.avto.net/photo/22565472/1050515_160.jpg
22565408,Opel Astra 1.6 CDTI 81KW ECOTEC S S INNOVATION ST,2017,200000 km,diesel motor,ročni menjalnik,"1598 ccm, 81 kW / 110 KM",7.850 €,https://www.avto.net/Ads/details.asp?id=22565408,https://images.avto.net/photo/22565408/1048243_160.jpg
22565389,Ssangyong XLV 4x4 turbo d,2017,186700 km,diesel motor,ročni menjalnik,"1600 ccm, 95 kW / 129 KM",6.200 €,https://www.avto.net/Ads/details.asp?id=22565389,https://images.avto.net/photo/22565389/1048080_160.jpg
22565294,Peugeot 308 SW 1.5 BlueHDi 130 S S -HITRI KREDIT-1.LASTNIK-,2021,154000 km,diesel motor,ročni menjalnik,"1499 ccm, 96 kW / 131 KM",9.390 €,https://www.avto.net/Ads/details.asp?id=22565294,https://images.avto.net/photo/22565294/1046294_160.jpg
22565279,Volkswagen Touran 1.6 TDI BMT Comfortline,2015,190000 km,diesel motor,ročni menjalnik,"1598 ccm, 81 kW / 110 KM",9.000 €,https://www.avto.net/Ads/details.asp?id=22565279,https://images.avto.net/photo/22565279/1031690_160.jpg
22565256,Peugeot 208 1.6 BlueHDi STYLE navi dnevni led pdc,2018,104898 km,diesel motor,ročni menjalnik,"1560 ccm, 55 kW / 75 KM",7.450 €,https://www.avto.net/Ads/details.asp?id=22565256,https://images.avto.net/photo/22565256/1045676_160.jpg
22565243,Renault Clio 1.5 DCI NAVIGACIJA-TEMPOMAT-MULTIFUNKCIJA,2015,149983 km,diesel motor,ročni menjalnik,"1461 ccm, 55 kW / 75 KM",6.490 €,https://www.avto.net/Ads/details.asp?id=22565243,https://images.avto.net/photo/22565243/1045322_160.jpg
22565227,Citroën C4 SpaceTourer 1.5 BlueHDi LED-KLIMA-ODLIČEN-BREZ POLOGA...,2019,120122 km,diesel motor,ročni menjalnik,"1499 ccm, 96 kW / 131 KM",8.999 €,https://www.avto.net/Ads/details.asp?id=22565227,https://images.avto.net/photo/22565227/1045055_160.jpg
22565223,Toyota Land Cruiser 3.0 GX TD,1999,125000 km,diesel motor,ročni menjalnik,"2982 ccm, 92 kW / 125 KM",5.750 €,https://www.avto.net/Ads/details.asp?id=22565223,https://images.avto.net/photo/22565223/1045242_160.jpg
22229193,Renault Captur Dynamique Energy dCi 90,2017,120941 km,diesel motor,ročni menjalnik,"1461 ccm, 66 kW / 90 KM",9.570 €,https://www.avto.net/Ads/details.asp?id=22229193,https://images.avto.net/photo/22229193/1064125_160.jpg
22565201,Volkswagen Polo 1.6 TDI - CrossPolo - NAVI - PDC - GRETJE SEDEŽI,2012,150000 km,diesel motor,ročni menjalnik,"1598 ccm, 66 kW / 90 KM",6.250 €,https://www.avto.net/Ads/details.asp?id=22565201,https://images.avto.net/photo/22565201/1044657_160.jpg
22565003,Opel Mokka 1.7 CDTI,2015,185000 km,diesel motor,avtomatski menjalnik,"1686 ccm, 96 kW / 131 KM",8.500 €,https://www.avto.net/Ads/details.asp?id=22565003,https://images.avto.net/photo/22565003/1042461_160.jpg
21684002,Opel Astra 1.6 CDTI 81KW ECOFLEX DYNAMIC ST-2XPDC-AVT.KLIMA-,2018,179889 km,diesel motor,ročni menjalnik,"1598 ccm, 81 kW / 110 KM",5.880 €,https://www.avto.net/Ads/details.asp?id=21684002,https://images.avto.net/photo/21684002/1050139_160.jpg
22564940,Opel Grandland X 1.6 CDTi NAVI.BLUETOOTH.LINE ASSIST.PARK SENZORJI.,2018,156000 km,diesel motor,ročni menjalnik,"1560 ccm, 88 kW / 120 KM",9.999 €,https://www.avto.net/Ads/details.asp?id=22564940,https://images.avto.net/photo/22564940/1041589_160.jpg
22564911,Honda Civic Tourer 1.6 DTEC Executive,2014,198976 km,diesel motor,ročni menjalnik,"1597 ccm, 88 kW / 120 KM",7.900 €,https://www.avto.net/Ads/details.asp?id=22564911,https://images.avto.net/photo/22564911/1041757_160.jpg
